{
  "Main Function": {
    "prefix": "main",
    "body": [
      "Main() {",
      "\t$1",
      "\treturn true;",
      "}"
    ],
    "description": "Create a Main function"
  },
  "Class": {
    "prefix": "class",
    "body": [
      "class ${1:CLASS_NAME} {",
      "\tprivate ${2:integer} ${3:fieldName};",
      "\t",
      "\tpublic Initialize(${4:integer} ${5:paramName}) {",
      "\t\tthisclass.${3:fieldName} = ${5:paramName};",
      "\t}",
      "\t",
      "\tpublic ${6:void} ${7:MethodName}() {",
      "\t\t$0",
      "\t}",
      "}"
    ],
    "description": "Create a class with Initialize"
  },
  "Class with Inheritance": {
    "prefix": "classi",
    "body": [
      "class ${1:CLASS_NAME} inherits ${2:PARENT_CLASS} {",
      "\tprivate ${3:integer} ${4:fieldName};",
      "\t",
      "\tpublic Initialize(${5:integer} ${6:paramName}) {",
      "\t\tthisclass.${4:fieldName} = ${6:paramName};",
      "\t}",
      "\t",
      "\tpublic ${7:void} ${8:MethodName}() {",
      "\t\t$0",
      "\t}",
      "}"
    ],
    "description": "Create a class with inheritance"
  },
  "If Statement": {
    "prefix": "if",
    "body": [
      "if(${1:condition}) {",
      "\t$0",
      "}"
    ],
    "description": "If statement"
  },
  "If-Else Statement": {
    "prefix": "ifelse",
    "body": [
      "if(${1:condition}) {",
      "\t$2",
      "}",
      "else() {",
      "\t$0",
      "}"
    ],
    "description": "If-else statement"
  },
  "Loop For": {
    "prefix": "loopfor",
    "body": [
      "loop for(${1:10}) {",
      "\t$0",
      "}"
    ],
    "description": "Loop for N times"
  },
  "Loop Until": {
    "prefix": "loopuntil",
    "body": [
      "loop until(${1:condition}) {",
      "\t$0",
      "}"
    ],
    "description": "Loop until condition"
  },
  "Method": {
    "prefix": "method",
    "body": [
      "public ${1:void} ${2:MethodName}(${3:integer} ${4:paramName}) {",
      "\t$0",
      "}"
    ],
    "description": "Create a public method"
  },
  "Console Print": {
    "prefix": "print",
    "body": [
      "CONSOLE.Print(\"${1:message}\");"
    ],
    "description": "Print a message to console"
  },
  "Console PrintIntegereger": {
    "prefix": "printi",
    "body": [
      "CONSOLE.PrintIntegereger(${1:value});"
    ],
    "description": "Print an integer to console"
  },
  "Console PrintFloat": {
    "prefix": "printf",
    "body": [
      "CONSOLE.PrintFloat(${1:value});"
    ],
    "description": "Print a float to console"
  },
  "Console PrintBooleanean": {
    "prefix": "printb",
    "body": [
      "CONSOLE.PrintBooleanean(${1:value});"
    ],
    "description": "Print a boolean to console"
  },
  "Array Declaration": {
    "prefix": "array",
    "body": [
      "${1:integer}[] ${2:arrayName} = [${3:1, 2, 3, 4, 5}];"
    ],
    "description": "Declare and initialize an array"
  },
  "Lambda Expression": {
    "prefix": "lambda",
    "body": [
      "${1:x} -> ${2:x * 2}"
    ],
    "description": "Lambda expression"
  },
  "Map": {
    "prefix": "map",
    "body": [
      "${1:arrayName}.map(${2:x} -> ${3:x * 2})"
    ],
    "description": "Map over an array"
  },
  "Filter": {
    "prefix": "filter",
    "body": [
      "${1:arrayName}.filter(${2:x} -> ${3:x > 0})"
    ],
    "description": "Filter an array"
  },
  "Reduce": {
    "prefix": "reduce",
    "body": [
      "${1:arrayName}.reduce((${2:acc}, ${3:x}) -> ${4:acc + x}, ${5:0})"
    ],
    "description": "Reduce an array to a single value"
  },
  "MATH.Min": {
    "prefix": "mathmin",
    "body": ["MATH.Min(${1:a}, ${2:b})"],
    "description": "Get minimum of two numbers"
  },
  "MATH.Max": {
    "prefix": "mathmax",
    "body": ["MATH.Max(${1:a}, ${2:b})"],
    "description": "Get maximum of two numbers"
  },
  "MATH.Absolute": {
    "prefix": "mathabs",
    "body": ["MATH.Absolute(${1:value})"],
    "description": "Get absolute value"
  },
  "MATH.SquareRoot": {
    "prefix": "mathsqrt",
    "body": ["MATH.SquareRoot(${1:value})"],
    "description": "Get square root"
  },
  "MATH.Power": {
    "prefix": "mathpow",
    "body": ["MATH.Power(${1:base}, ${2:exponent})"],
    "description": "Raise to power"
  },
  "MATH.Random": {
    "prefix": "mathrand",
    "body": ["MATH.Random()"],
    "description": "Get random float between 0 and 1"
  },
  "STRING.Contains": {
    "prefix": "strcontains",
    "body": ["STRING.Contains(${1:text}, ${2:search})"],
    "description": "Check if string contains substring"
  },
  "STRING.StartsWith": {
    "prefix": "strstarts",
    "body": ["STRING.StartsWith(${1:text}, ${2:prefix})"],
    "description": "Check if string starts with prefix"
  },
  "STRING.EndsWith": {
    "prefix": "strends",
    "body": ["STRING.EndsWith(${1:text}, ${2:suffix})"],
    "description": "Check if string ends with suffix"
  },
  "String toUpper": {
    "prefix": "toupper",
    "body": ["${1:strVariable}.toUpper()"],
    "description": "Convert string to uppercase"
  },
  "String toLower": {
    "prefix": "tolower",
    "body": ["${1:strVariable}.toLower()"],
    "description": "Convert string to lowercase"
  },
  "String length": {
    "prefix": "strlen",
    "body": ["${1:strVariable}.length()"],
    "description": "Get string length"
  },
  "String substring": {
    "prefix": "substr",
    "body": ["${1:strVariable}.substring(${2:start}, ${3:end})"],
    "description": "Get substring"
  },
  "String replace": {
    "prefix": "strreplace",
    "body": ["${1:strVariable}.replace(${2:old}, ${3:new})"],
    "description": "Replace all occurrences"
  },
  "String trim": {
    "prefix": "strtrim",
    "body": ["${1:strVariable}.trim()"],
    "description": "Remove leading/trailing whitespace"
  },
  "String toInt": {
    "prefix": "toint",
    "body": ["${1:strVariable}.toInteger()"],
    "description": "Parse string as integer"
  },
  "String toFloat": {
    "prefix": "tofloat",
    "body": ["${1:strVariable}.toFloat()"],
    "description": "Parse string as float"
  },
  "Integer toString": {
    "prefix": "inttostr",
    "body": ["${1:numVariable}.toString()"],
    "description": "Convert integer to string"
  },
  "Float toString": {
    "prefix": "floattostr",
    "body": ["${1:numVariable}.toString()"],
    "description": "Convert float to string"
  },
  "CONSOLE.ScanIntegereger": {
    "prefix": "scanint",
    "body": ["integer ${1:inputNum} = CONSOLE.ScanIntegereger();"],
    "description": "Read integer from input"
  },
  "CONSOLE.ScanFloat": {
    "prefix": "scanfloat",
    "body": ["float ${1:inputFloat} = CONSOLE.ScanFloat();"],
    "description": "Read float from input"
  },
  "CONSOLE.ScanBooleanean": {
    "prefix": "scanbool",
    "body": ["boolean ${1:inputBool} = CONSOLE.ScanBooleanean();"],
    "description": "Read boolean from input"
  },
  "DATETIME.Now": {
    "prefix": "datenow",
    "body": ["integer ${1:timestamp} = DATETIME.Now();"],
    "description": "Get current timestamp"
  },
  "DATETIME.Year": {
    "prefix": "dateyear",
    "body": ["DATETIME.Year(${1:timestamp})"],
    "description": "Get year from timestamp"
  },
  "RANDOM.Integer": {
    "prefix": "randint",
    "body": ["RANDOM.Integer(${1:min}, ${2:max})"],
    "description": "Random integer in range"
  },
  "RANDOM.Float": {
    "prefix": "randfloat",
    "body": ["RANDOM.Float(${1:min}, ${2:max})"],
    "description": "Random float in range"
  },
  "RANDOM.Character": {
    "prefix": "randchar",
    "body": ["RANDOM.Character()"],
    "description": "Random printable character"
  },
  "RANDOM.Boolean": {
    "prefix": "randbool",
    "body": ["RANDOM.Boolean()"],
    "description": "Random boolean"
  },
  "FILE.Read": {
    "prefix": "fileread",
    "body": ["string ${1:content} = FILE.Read(\"${2:path.txt}\");"],
    "description": "Read file contents"
  },
  "FILE.Write": {
    "prefix": "filewrite",
    "body": ["FILE.Write(\"${1:path.txt}\", ${2:content});"],
    "description": "Write to file"
  },
  "FILE.Exists": {
    "prefix": "fileexists",
    "body": ["FILE.Exists(\"${1:path.txt}\")"],
    "description": "Check if file exists"
  }
}
